Khalamari,239236121,239274585
Snowmelt Sprite,239290063,239294695
Happy Bunny,246712326,246712855
Ovni,246783432,246966630
Haokah Followed,248007142,248132960
Ovni,248775432,249042830
Thunderstorm Sprite,249231004,249299745
Arsenal Demon Wall,249575868,249812898
Art,250043624,250172954
Arsenal Calcabrina,250229996,250246929
Arsenal Sprite,250258202,250349683
Hidden Trap,250400329,250401664
Raiden,250666272,250730024
Raiden,250741977,250824854
Arsenal Calcabrina,250846338,250935532
Arsenal Viking,250969612,251122057
Hidden Trap,251183501,251184793
Arsenal Skatene,251199779,251296063
Arsenal Brina,251323775,251364416
Arsenal Calcabrina,251414720,251540778
Arsenal Geshunpest,251684957,251706659
Arsenal Geshunpest,251717841,251720688
Arsenal Geshunpest,251731115,251740469
Unknown,251779106,251779727
Hidden Trap,251793631,251801874
Hidden Trap,251828030,251833864
Hidden Trap,251871599,251872222
Arsenal Viking,251888720,251986488
Arsenal Tome,252034823,252123203
Arsenal Magus,252480612,252525329
Hidden Trap,252640502,252641122
Absolute Virtue,252824172,253110802
Unknown,253167042,253185927
Arsenal Magus,253693797,253735982
Arsenal Magus,253789049,253791145
Proto Ozma,254039570,254433638
